step,grad_l2
0,3.089308
1,4.412088
2,7.581416
3,7.080129
4,4.980247
5,8.394508
