step,loss
0,2.291411
1,2.664279
2,3.035586
3,3.974419
4,4.037252
5,5.010358
